{
    "loss":  0.2826229557832374,
    "top1":  0.9063232323232323,
    "mean_precision":  0.8872932907227024,
    "mean_recall":  0.8922606382978723,
    "macro_f1":  0.8891966645824468,
    "weighted_f1":  0.90653926148745,
    "num_samples":  49500,
    "num_classes":  27,
    "hard_class_mean_f1":  0.8051573245673431,
    "water_concrete_slight_precision":  0.7816245006657789,
    "water_concrete_slight_recall":  0.73375,
    "water_concrete_slight_f1":  0.7569310122501612,
    "rho_R_mean":  0.43956742581875635,
    "head_type":  "hardpair_error_gated_calibrated",
    "dryvor_enabled":  true,
    "logits_after_dryvor":  true,
    "boundary_use_physics_feature":  false,
    "pareto_safe_logit_patch_enabled":  false,
    "pareto_safe_logit_patch_count":  0,
    "rho_R_mean_water":  0.4431410197650685,
    "rho_R_mean_wet":  0.45347321842879373,
    "rho_R_mean_dry":  0.4262631282512692,
    "rho_R_mean_water_concrete_slight":  0.42523591201752425,
    "rho_R_gap_dry_minus_water_concrete_slight":  0.0010272162337449653,
    "rho_R_mean_water_concrete_severe":  0.43161508705466983,
    "rho_R_gap_dry_minus_water_concrete_severe":  -0.005351958803400614,
    "rho_R_mean_wet_concrete_slight":  0.4298960496112704,
    "rho_R_gap_dry_minus_wet_concrete_slight":  -0.0036329213600012067,
    "rho_R_mean_dry_concrete_slight":  0.4103729257431436,
    "rho_R_gap_dry_minus_dry_concrete_slight":  0.015890202508125617,
    "hard_pair_acc":  0.9788755319075093,
    "hard_pair_count":  130.09049773755657,
    "friction_pair_acc":  0.9834558823529411,
    "friction_pair_count":  63.994828700711054,
    "material_pair_acc":  0.851309589459194,
    "material_pair_count":  27.440206851971556,
    "roughness_pair_acc":  0.6333125710512745,
    "roughness_pair_count":  38.65546218487395,
    "friction_acc":  0.9659595959595959,
    "material_acc":  0.9721010101010101,
    "roughness_acc":  0.9517575757575758,
    "friction_error_share":  0.36338149665732156,
    "material_error_share":  0.2978218675868018,
    "roughness_error_share":  0.5149881388828984,
    "num_errors":  4637
}
